mae,rmse,mape,r2
36.82787759430788,54.37899015625504,5.398499556933486,0.8474788081588119
